pixel1,pixel2,pixel3,pixel4,pixel5,pixel6,pixel7,pixel8,pixel9,pixel10,pixel11,pixel12,pixel13,pixel14,pixel15,pixel16,pixel17,pixel18,pixel19,pixel20,pixel21,pixel22,pixel23,pixel24,pixel25,pixel26,pixel27,pixel28,pixel29,pixel30,pixel31,pixel32,pixel33,pixel34,pixel35,pixel36,pixel37,pixel38,pixel39,pixel40,pixel41,pixel42,pixel43,pixel44,pixel45,pixel46,pixel47,pixel48,pixel49,pixel50,pixel51,pixel52,pixel53,pixel54,pixel55,pixel56,pixel57,pixel58,pixel59,pixel60,pixel61,pixel62,pixel63,pixel64,pixel65,pixel66,pixel67,pixel68,pixel69,pixel70,pixel71,pixel72,pixel73,pixel74,pixel75,pixel76,pixel77,pixel78,pixel79,pixel80,pixel81,pixel82,pixel83,pixel84,pixel85,pixel86,pixel87,pixel88,pixel89,pixel90,pixel91,pixel92,pixel93,pixel94,pixel95,pixel96,pixel97,pixel98,pixel99,pixel100,pixel101,pixel102,pixel103,pixel104,pixel105,pixel106,pixel107,pixel108,pixel109,pixel110,pixel111,pixel112,pixel113,pixel114,pixel115,pixel116,pixel117,pixel118,pixel119,pixel120,pixel121,pixel122,pixel123,pixel124,pixel125,pixel126,pixel127,pixel128,pixel129,pixel130,pixel131,pixel132,pixel133,pixel134,pixel135,pixel136,pixel137,pixel138,pixel139,pixel140,pixel141,pixel142,pixel143,pixel144,pixel145,pixel146,pixel147,pixel148,pixel149,pixel150,pixel151,pixel152,pixel153,pixel154,pixel155,pixel156,pixel157,pixel158,pixel159,pixel160,pixel161,pixel162,pixel163,pixel164,pixel165,pixel166,pixel167,pixel168,pixel169,pixel170,pixel171,pixel172,pixel173,pixel174,pixel175,pixel176,pixel177,pixel178,pixel179,pixel180,pixel181,pixel182,pixel183,pixel184,pixel185,pixel186,pixel187,pixel188,pixel189,pixel190,pixel191,pixel192,pixel193,pixel194,pixel195,pixel196,pixel197,pixel198,pixel199,pixel200,pixel201,pixel202,pixel203,pixel204,pixel205,pixel206,pixel207,pixel208,pixel209,pixel210,pixel211,pixel212,pixel213,pixel214,pixel215,pixel216,pixel217,pixel218,pixel219,pixel220,pixel221,pixel222,pixel223,pixel224,pixel225,pixel226,pixel227,pixel228,pixel229,pixel230,pixel231,pixel232,pixel233,pixel234,pixel235,pixel236,pixel237,pixel238,pixel239,pixel240,pixel241,pixel242,pixel243,pixel244,pixel245,pixel246,pixel247,pixel248,pixel249,pixel250,pixel251,pixel252,pixel253,pixel254,pixel255,pixel256,pixel257,pixel258,pixel259,pixel260,pixel261,pixel262,pixel263,pixel264,pixel265,pixel266,pixel267,pixel268,pixel269,pixel270,pixel271,pixel272,pixel273,pixel274,pixel275,pixel276,pixel277,pixel278,pixel279,pixel280,pixel281,pixel282,pixel283,pixel284,pixel285,pixel286,pixel287,pixel288,pixel289,pixel290,pixel291,pixel292,pixel293,pixel294,pixel295,pixel296,pixel297,pixel298,pixel299,pixel300,pixel301,pixel302,pixel303,pixel304,pixel305,pixel306,pixel307,pixel308,pixel309,pixel310,pixel311,pixel312,pixel313,pixel314,pixel315,pixel316,pixel317,pixel318,pixel319,pixel320,pixel321,pixel322,pixel323,pixel324,pixel325,pixel326,pixel327,pixel328,pixel329,pixel330,pixel331,pixel332,pixel333,pixel334,pixel335,pixel336,pixel337,pixel338,pixel339,pixel340,pixel341,pixel342,pixel343,pixel344,pixel345,pixel346,pixel347,pixel348,pixel349,pixel350,pixel351,pixel352,pixel353,pixel354,pixel355,pixel356,pixel357,pixel358,pixel359,pixel360,pixel361,pixel362,pixel363,pixel364,pixel365,pixel366,pixel367,pixel368,pixel369,pixel370,pixel371,pixel372,pixel373,pixel374,pixel375,pixel376,pixel377,pixel378,pixel379,pixel380,pixel381,pixel382,pixel383,pixel384,pixel385,pixel386,pixel387,pixel388,pixel389,pixel390,pixel391,pixel392,pixel393,pixel394,pixel395,pixel396,pixel397,pixel398,pixel399,pixel400,pixel401,pixel402,pixel403,pixel404,pixel405,pixel406,pixel407,pixel408,pixel409,pixel410,pixel411,pixel412,pixel413,pixel414,pixel415,pixel416,pixel417,pixel418,pixel419,pixel420,pixel421,pixel422,pixel423,pixel424,pixel425,pixel426,pixel427,pixel428,pixel429,pixel430,pixel431,pixel432,pixel433,pixel434,pixel435,pixel436,pixel437,pixel438,pixel439,pixel440,pixel441,pixel442,pixel443,pixel444,pixel445,pixel446,pixel447,pixel448,pixel449,pixel450,pixel451,pixel452,pixel453,pixel454,pixel455,pixel456,pixel457,pixel458,pixel459,pixel460,pixel461,pixel462,pixel463,pixel464,pixel465,pixel466,pixel467,pixel468,pixel469,pixel470,pixel471,pixel472,pixel473,pixel474,pixel475,pixel476,pixel477,pixel478,pixel479,pixel480,pixel481,pixel482,pixel483,pixel484,pixel485,pixel486,pixel487,pixel488,pixel489,pixel490,pixel491,pixel492,pixel493,pixel494,pixel495,pixel496,pixel497,pixel498,pixel499,pixel500,pixel501,pixel502,pixel503,pixel504,pixel505,pixel506,pixel507,pixel508,pixel509,pixel510,pixel511,pixel512,pixel513,pixel514,pixel515,pixel516,pixel517,pixel518,pixel519,pixel520,pixel521,pixel522,pixel523,pixel524,pixel525,pixel526,pixel527,pixel528,pixel529,pixel530,pixel531,pixel532,pixel533,pixel534,pixel535,pixel536,pixel537,pixel538,pixel539,pixel540,pixel541,pixel542,pixel543,pixel544,pixel545,pixel546,pixel547,pixel548,pixel549,pixel550,pixel551,pixel552,pixel553,pixel554,pixel555,pixel556,pixel557,pixel558,pixel559,pixel560,pixel561,pixel562,pixel563,pixel564,pixel565,pixel566,pixel567,pixel568,pixel569,pixel570,pixel571,pixel572,pixel573,pixel574,pixel575,pixel576,pixel577,pixel578,pixel579,pixel580,pixel581,pixel582,pixel583,pixel584,pixel585,pixel586,pixel587,pixel588,pixel589,pixel590,pixel591,pixel592,pixel593,pixel594,pixel595,pixel596,pixel597,pixel598,pixel599,pixel600,pixel601,pixel602,pixel603,pixel604,pixel605,pixel606,pixel607,pixel608,pixel609,pixel610,pixel611,pixel612,pixel613,pixel614,pixel615,pixel616,pixel617,pixel618,pixel619,pixel620,pixel621,pixel622,pixel623,pixel624,pixel625,pixel626,pixel627,pixel628,pixel629,pixel630,pixel631,pixel632,pixel633,pixel634,pixel635,pixel636,pixel637,pixel638,pixel639,pixel640,pixel641,pixel642,pixel643,pixel644,pixel645,pixel646,pixel647,pixel648,pixel649,pixel650,pixel651,pixel652,pixel653,pixel654,pixel655,pixel656,pixel657,pixel658,pixel659,pixel660,pixel661,pixel662,pixel663,pixel664,pixel665,pixel666,pixel667,pixel668,pixel669,pixel670,pixel671,pixel672,pixel673,pixel674,pixel675,pixel676,pixel677,pixel678,pixel679,pixel680,pixel681,pixel682,pixel683,pixel684,pixel685,pixel686,pixel687,pixel688,pixel689,pixel690,pixel691,pixel692,pixel693,pixel694,pixel695,pixel696,pixel697,pixel698,pixel699,pixel700,pixel701,pixel702,pixel703,pixel704,pixel705,pixel706,pixel707,pixel708,pixel709,pixel710,pixel711,pixel712,pixel713,pixel714,pixel715,pixel716,pixel717,pixel718,pixel719,pixel720,pixel721,pixel722,pixel723,pixel724,pixel725,pixel726,pixel727,pixel728,pixel729,pixel730,pixel731,pixel732,pixel733,pixel734,pixel735,pixel736,pixel737,pixel738,pixel739,pixel740,pixel741,pixel742,pixel743,pixel744,pixel745,pixel746,pixel747,pixel748,pixel749,pixel750,pixel751,pixel752,pixel753,pixel754,pixel755,pixel756,pixel757,pixel758,pixel759,pixel760,pixel761,pixel762,pixel763,pixel764,pixel765,pixel766,pixel767,pixel768,pixel769,pixel770,pixel771,pixel772,pixel773,pixel774,pixel775,pixel776,pixel777,pixel778,pixel779,pixel780,pixel781,pixel782,pixel783,pixel784,class
255,255,255,255,255,255,255,255,255,255,255,255,255,255,255,255,255,255,255,255,255,255,255,255,255,255,255,255,255,255,255,255,255,255,255,255,255,255,255,255,255,255,255,255,255,255,255,255,255,255,255,255,255,255,255,255,255,255,255,255,255,255,255,255,255,255,255,255,255,255,255,255,255,255,255,255,255,255,255,255,255,255,255,255,255,255,255,255,255,255,255,255,255,255,255,255,255,255,255,255,255,255,255,255,255,255,255,255,255,255,255,255,255,255,255,255,255,255,255,255,255,255,255,255,255,255,255,255,255,255,255,255,255,255,255,255,255,255,255,255,255,255,255,255,255,255,255,255,255,255,255,255,231,141,98,85,97,114,153,251,255,255,255,255,255,255,255,255,255,255,255,255,255,255,255,255,255,255,230,90,6,67,123,138,123,109,36,59,237,255,255,255,255,255,255,255,255,255,255,255,255,255,255,255,255,188,11,87,217,255,255,255,255,255,244,51,138,255,255,255,255,255,255,255,255,255,255,255,255,255,255,255,232,18,155,255,255,255,255,255,255,255,255,208,221,255,255,255,255,255,255,255,255,255,255,255,255,255,255,255,102,76,255,255,255,255,255,255,255,255,255,255,255,255,255,255,255,255,255,255,255,255,255,255,255,255,255,226,7,218,255,255,255,255,255,255,255,255,255,255,255,255,255,255,255,255,255,255,255,255,255,255,255,255,255,186,37,255,255,255,255,255,255,255,255,255,255,255,255,255,255,255,255,255,255,255,255,255,255,255,255,255,255,186,39,255,255,255,255,255,255,255,255,255,255,255,255,255,255,255,255,255,255,255,255,255,255,255,255,255,255,193,21,243,255,255,255,255,255,255,255,255,255,255,255,255,255,255,255,255,255,255,255,255,255,255,255,255,255,251,66,23,93,148,186,238,255,255,255,255,255,255,255,255,255,255,255,255,255,255,255,255,255,255,255,255,255,255,253,187,121,69,32,4,45,110,168,251,255,255,255,255,255,255,255,255,255,255,255,255,255,255,255,255,255,255,255,255,255,255,255,227,166,108,34,36,142,245,255,255,255,255,255,255,255,255,255,255,255,255,255,255,255,255,255,255,255,255,255,255,255,255,250,163,49,47,220,255,255,255,255,255,255,255,255,255,255,255,255,255,255,255,255,255,255,255,255,255,255,255,255,255,250,108,18,220,255,255,255,255,255,255,255,255,255,255,255,255,255,255,255,255,255,255,255,255,255,255,255,255,255,255,112,33,245,255,255,255,255,255,255,255,255,255,255,255,255,255,255,255,255,255,255,255,255,255,255,255,255,255,253,45,146,255,255,255,255,255,255,255,255,255,255,255,255,255,255,234,141,245,255,255,255,255,255,255,255,255,255,156,47,255,255,255,255,255,255,255,255,255,255,255,255,255,255,224,42,33,168,253,255,255,255,255,255,255,255,213,6,252,255,255,255,255,255,255,255,255,255,255,255,255,255,255,247,156,21,36,143,235,255,255,255,255,242,101,38,255,255,255,255,255,255,255,255,255,255,255,255,255,255,255,255,255,249,159,60,3,32,49,49,43,9,60,214,255,255,255,255,255,255,255,255,255,255,255,255,255,255,255,255,255,255,255,255,226,189,176,175,179,213,255,255,255,255,255,255,255,255,255,255,255,255,255,255,255,255,255,255,255,255,255,255,255,255,255,255,255,255,255,255,255,255,255,255,255,255,255,255,255,255,255,255,255,255,255,255,255,255,255,255,255,255,255,255,255,255,255,255,255,255,255,255,255,28
255,255,255,255,255,255,255,255,255,255,255,255,255,255,255,255,255,255,255,255,255,255,255,255,255,255,255,255,255,255,255,255,255,255,255,255,255,255,255,255,255,255,255,255,255,255,255,255,255,255,255,255,255,255,255,255,255,255,255,255,255,255,255,255,255,255,255,255,255,255,255,255,255,255,255,255,255,255,255,255,255,255,255,255,255,255,255,255,255,255,255,255,255,255,255,255,255,255,255,255,255,255,255,255,255,255,255,255,255,255,255,255,255,255,255,255,255,255,255,255,255,255,255,255,255,255,255,255,255,255,255,255,255,255,255,255,255,255,255,255,255,255,255,255,255,255,255,255,255,252,253,255,255,255,255,255,255,255,255,255,255,255,255,255,255,255,255,255,255,255,255,255,255,255,255,255,255,119,110,255,255,255,255,255,255,255,255,241,110,130,255,255,255,255,255,255,255,255,255,255,255,255,255,255,255,208,7,214,255,255,255,255,255,255,242,50,56,217,255,255,255,255,255,255,255,255,255,255,255,255,255,255,255,255,117,42,246,255,255,255,255,249,71,66,249,255,255,255,255,255,255,255,255,255,255,255,255,255,255,255,255,255,251,55,96,255,255,255,255,121,49,240,255,255,255,255,255,255,255,255,255,255,255,255,255,255,255,255,255,255,255,227,25,155,255,255,215,15,191,255,255,255,255,255,255,255,255,255,255,255,255,255,255,255,255,255,255,255,255,255,181,14,217,254,64,110,255,255,255,255,255,255,255,255,255,255,255,255,255,255,255,255,255,255,255,255,255,255,255,110,55,153,29,240,255,255,255,255,255,255,255,255,255,255,255,255,255,255,255,255,255,255,255,255,255,255,255,245,37,4,169,255,255,255,255,255,255,255,255,255,255,255,255,255,255,255,255,255,255,255,255,255,255,255,255,255,109,4,236,255,255,255,255,255,255,255,255,255,255,255,255,255,255,255,255,255,255,255,255,255,255,255,255,230,9,39,124,255,255,255,255,255,255,255,255,255,255,255,255,255,255,255,255,255,255,255,255,255,255,255,254,63,89,215,212,255,255,255,255,255,255,255,255,255,255,255,255,255,255,255,255,255,255,255,255,255,255,255,137,22,240,255,255,255,255,255,255,255,255,255,255,255,255,255,255,255,255,255,255,255,255,255,255,255,255,211,7,193,255,255,255,255,255,255,255,255,255,255,255,255,255,255,255,255,255,255,255,255,255,255,255,255,255,68,105,255,255,255,255,255,255,255,255,255,255,255,255,255,255,255,255,255,255,255,255,255,255,255,255,255,206,6,225,255,255,255,255,255,255,255,255,255,255,255,255,255,255,255,255,255,255,255,255,255,255,255,255,252,51,112,255,255,255,255,255,255,255,255,255,255,255,255,255,255,255,255,255,255,255,255,255,255,255,255,255,138,37,246,255,255,255,255,255,255,255,255,255,255,255,255,255,255,255,255,255,255,255,255,255,255,255,255,229,16,173,255,255,255,255,255,255,255,255,255,255,255,255,255,255,255,255,255,255,255,255,255,255,255,255,255,154,49,254,255,255,255,255,255,255,255,255,255,255,255,255,255,255,255,255,255,255,255,255,255,255,255,255,255,241,225,255,255,255,255,255,255,255,255,255,255,255,255,255,255,255,255,255,255,255,255,255,255,255,255,255,255,255,255,255,255,255,255,255,255,255,255,255,255,255,255,255,255,255,255,255,255,255,255,255,255,255,255,255,255,255,255,255,255,255,255,255,255,255,255,255,255,255,255,255,255,255,255,255,255,34
255,255,255,255,255,255,255,255,255,255,255,255,255,255,255,255,255,255,255,255,255,255,255,255,255,255,255,255,255,255,255,255,255,255,255,255,255,255,255,255,255,255,255,255,255,255,255,255,255,255,255,255,255,255,255,255,255,255,255,255,255,255,255,255,255,255,255,213,107,75,75,78,128,216,255,255,255,255,255,255,255,255,255,255,255,255,255,255,255,255,255,255,255,215,70,7,85,148,149,143,79,8,82,210,255,255,255,255,255,255,255,255,255,255,255,255,255,255,255,255,161,9,106,229,255,255,255,255,255,226,88,7,231,255,255,255,255,255,255,255,255,255,255,255,255,255,255,204,11,182,255,255,255,255,255,255,255,255,255,223,255,255,255,255,255,255,255,255,255,255,255,255,255,255,251,49,124,255,255,255,255,255,255,255,255,255,255,255,255,255,255,255,255,255,255,255,255,255,255,255,255,255,138,40,248,255,255,255,255,255,255,255,255,255,255,255,255,255,255,255,255,255,255,255,255,255,255,255,255,245,24,176,255,255,255,255,255,255,255,255,255,255,255,255,255,255,255,255,255,255,255,255,255,255,255,255,255,164,31,254,255,255,255,255,255,255,255,255,255,255,255,255,255,255,255,255,255,255,255,255,255,255,255,255,255,76,135,255,255,255,255,255,255,255,255,255,255,255,255,255,255,255,255,255,255,255,255,255,255,255,255,255,254,24,193,255,255,255,255,255,255,255,255,255,255,255,255,255,255,255,255,255,255,255,255,255,255,255,255,255,237,0,239,255,255,255,255,255,255,255,255,255,255,255,255,255,255,255,255,255,255,255,255,255,255,255,255,255,248,11,179,255,255,255,255,255,255,255,255,255,255,255,255,255,255,255,255,255,255,255,255,255,255,255,255,255,255,152,3,54,108,138,168,193,236,255,255,255,255,255,255,255,255,255,255,255,255,255,255,255,255,255,255,255,255,255,234,147,113,83,51,28,3,26,73,157,198,239,255,255,255,255,255,255,255,255,255,255,255,255,255,255,255,255,255,255,255,255,255,255,231,195,128,62,21,3,63,124,226,255,255,255,255,255,255,255,255,255,255,255,255,255,255,255,255,255,255,255,255,255,255,255,255,223,153,73,10,137,254,255,255,255,255,255,255,255,255,255,255,255,255,255,255,255,255,255,255,255,255,255,255,255,255,255,194,22,141,255,255,255,255,255,255,255,255,255,255,255,255,255,255,255,255,255,255,255,255,255,255,255,255,255,255,159,51,255,255,255,255,255,255,255,255,255,255,255,255,255,255,255,255,255,255,255,255,255,255,255,255,255,255,184,39,255,255,255,255,255,255,255,255,255,255,255,255,255,255,255,255,255,255,255,255,255,255,255,255,255,255,79,89,255,255,255,255,255,255,255,144,90,169,244,255,255,255,255,255,255,255,255,255,255,255,255,255,255,143,22,232,255,255,255,255,255,255,255,198,114,38,13,126,241,255,255,255,255,255,255,255,255,255,255,248,130,12,195,255,255,255,255,255,255,255,255,255,255,254,185,61,19,108,217,255,255,255,255,255,255,239,151,38,44,198,255,255,255,255,255,255,255,255,255,255,255,255,255,255,186,86,2,43,121,137,137,119,76,13,50,150,249,255,255,255,255,255,255,255,255,255,255,255,255,255,255,255,255,255,242,159,99,88,88,99,143,200,255,255,255,255,255,255,255,255,255,255,255,255,255,255,255,255,255,255,255,255,255,255,255,255,255,255,255,255,255,255,255,255,255,255,255,255,255,255,255,28
255,255,255,255,255,255,255,255,255,255,255,255,255,255,255,255,255,255,255,255,255,255,255,255,255,255,255,255,255,255,255,255,255,255,255,255,255,255,255,255,255,255,255,255,255,255,255,255,255,255,255,255,255,255,255,255,255,255,255,255,255,255,255,255,255,255,255,255,255,255,255,255,255,255,255,255,255,255,255,255,255,255,255,255,255,255,255,255,255,255,255,255,255,255,85,105,164,227,250,255,255,255,255,255,255,255,255,255,255,255,255,255,255,255,255,255,255,255,255,255,255,255,149,0,42,2,11,45,91,152,192,229,255,255,255,255,255,255,255,255,255,255,255,255,255,255,255,255,255,255,236,0,239,247,212,165,125,64,27,1,25,88,201,255,255,255,255,255,255,255,255,255,255,255,255,255,255,255,255,19,201,255,255,255,255,255,255,238,194,108,9,119,253,255,255,255,255,255,255,255,255,255,255,255,255,255,255,55,164,255,255,255,255,255,255,255,255,255,209,34,92,252,255,255,255,255,255,255,255,255,255,255,255,255,255,93,127,255,255,255,255,255,255,255,255,255,255,229,31,125,255,255,255,255,255,255,255,255,255,255,255,255,255,125,98,255,255,255,255,255,255,255,255,255,255,255,205,10,192,255,255,255,255,255,255,255,255,255,255,255,255,137,88,255,255,255,255,255,255,255,255,255,255,255,255,137,42,253,255,255,255,255,255,255,255,255,255,255,255,137,88,255,255,255,255,255,255,255,255,255,255,255,255,246,18,188,255,255,255,255,255,255,255,255,255,255,255,137,88,255,255,255,255,255,255,255,255,255,255,255,255,255,97,114,255,255,255,255,255,255,255,255,255,255,255,137,88,255,255,255,255,255,255,255,255,255,255,255,255,255,174,31,255,255,255,255,255,255,255,255,255,255,255,153,68,255,255,255,255,255,255,255,255,255,255,255,255,255,239,0,255,255,255,255,255,255,255,255,255,255,255,165,59,255,255,255,255,255,255,255,255,255,255,255,255,255,255,27,255,255,255,255,255,255,255,255,255,255,255,165,59,255,255,255,255,255,255,255,255,255,255,255,255,255,255,41,255,255,255,255,255,255,255,255,255,255,255,165,59,255,255,255,255,255,255,255,255,255,255,255,255,255,255,41,255,255,255,255,255,255,255,255,255,255,255,165,59,255,255,255,255,255,255,255,255,255,255,255,255,255,255,40,255,255,255,255,255,255,255,255,255,255,255,165,59,255,255,255,255,255,255,255,255,255,255,255,255,255,248,6,255,255,255,255,255,255,255,255,255,255,255,165,59,255,255,255,255,255,255,255,255,255,255,255,255,255,172,31,255,255,255,255,255,255,255,255,255,255,255,165,59,255,255,255,255,255,255,255,255,255,255,255,255,253,52,131,255,255,255,255,255,255,255,255,255,255,255,165,59,255,255,255,255,255,255,255,255,255,255,255,220,79,34,243,255,255,255,255,255,255,255,255,255,255,255,165,55,255,255,255,255,255,255,255,255,251,190,86,2,86,224,255,255,255,255,255,255,255,255,255,255,255,255,188,25,138,149,160,177,177,163,134,92,25,22,105,218,255,255,255,255,255,255,255,255,255,255,255,255,255,255,237,118,78,75,56,47,47,56,89,119,186,251,255,255,255,255,255,255,255,255,255,255,255,255,255,255,255,255,255,255,255,255,255,255,255,255,255,255,255,255,255,255,255,255,255,255,255,255,255,255,255,255,255,255,255,255,255,255,255,255,255,255,255,255,255,255,255,255,255,255,255,255,255,13
255,255,255,255,255,255,255,255,255,255,255,255,255,255,255,255,255,255,255,255,255,255,255,255,255,255,255,255,255,255,255,255,255,255,255,255,255,255,255,237,112,50,45,45,111,234,255,255,255,255,255,255,255,255,255,255,255,255,255,255,255,255,255,255,255,255,199,22,67,169,180,170,73,40,241,255,255,255,255,255,255,255,255,255,255,255,255,255,255,255,255,255,255,211,14,136,255,255,255,255,252,65,83,255,255,255,255,255,255,255,255,255,255,255,255,255,255,255,255,255,246,31,123,255,255,255,255,255,255,219,106,255,255,255,255,255,255,255,255,255,255,255,255,255,255,255,255,255,124,53,253,255,255,255,255,255,255,255,255,255,255,255,255,255,255,255,255,255,255,255,255,255,255,255,255,221,12,199,255,255,255,255,255,255,255,255,255,255,255,255,255,255,255,255,255,255,255,255,255,255,255,255,255,93,99,255,255,255,255,255,255,255,255,255,255,255,255,255,255,255,255,255,255,255,255,255,255,255,255,255,232,9,206,255,255,255,255,255,255,255,255,255,255,255,255,255,255,255,255,255,255,255,255,255,255,255,255,255,162,50,255,255,255,255,255,255,255,255,255,255,255,255,255,255,255,255,255,255,255,255,255,255,255,255,255,255,106,111,255,255,255,255,255,255,255,255,255,255,255,255,255,255,255,255,255,255,255,255,255,255,255,255,255,255,54,164,255,255,255,255,255,255,255,255,255,255,255,255,255,255,255,255,255,255,255,255,255,255,255,255,255,255,27,196,255,255,255,255,255,255,255,255,255,255,255,255,255,255,255,255,255,255,255,255,255,255,255,255,255,255,27,197,255,255,255,255,255,255,255,255,255,255,255,255,255,255,255,255,255,255,255,255,255,255,255,255,255,255,57,93,231,255,255,255,255,255,255,255,255,255,255,255,255,255,255,255,255,255,255,255,255,255,255,255,255,255,220,55,7,56,95,126,160,208,248,255,255,255,255,255,255,255,255,255,255,255,255,255,255,255,255,255,255,255,255,255,218,162,127,90,60,11,5,55,105,149,212,255,255,255,255,255,255,255,255,255,255,255,255,255,255,255,255,255,255,255,255,255,255,252,220,159,113,69,9,50,174,254,255,255,255,255,255,255,255,255,255,255,255,255,255,255,255,255,255,255,255,255,255,255,255,255,238,140,21,115,255,255,255,255,255,255,255,255,255,255,255,255,255,255,255,255,255,255,255,255,255,255,255,255,255,255,213,19,178,255,255,255,255,255,255,255,255,255,255,255,255,255,255,255,255,255,255,255,255,255,255,255,255,255,255,126,81,255,255,255,255,255,255,255,255,255,255,231,231,255,255,255,255,255,255,255,255,255,255,255,255,255,255,203,11,254,255,255,255,255,255,255,255,255,255,138,29,151,244,255,255,255,255,255,255,255,255,255,255,255,255,239,0,238,255,255,255,255,255,255,255,255,255,253,152,45,12,86,164,239,255,255,255,255,255,255,255,255,255,243,0,237,255,255,255,255,255,255,255,255,255,255,255,254,206,126,46,10,112,193,249,255,255,255,255,255,255,213,1,240,255,255,255,255,255,255,255,255,255,255,255,255,255,255,255,202,90,22,12,88,190,254,255,255,255,82,106,255,255,255,255,255,255,255,255,255,255,255,255,255,255,255,255,255,255,253,206,115,19,45,105,124,87,10,202,255,255,255,255,255,255,255,255,255,255,255,255,255,255,255,255,255,255,255,255,255,244,163,107,100,119,205,255,255,255,255,255,255,28
255,255,255,255,255,255,255,255,255,255,255,255,255,255,255,255,255,255,255,255,255,255,255,255,255,255,255,255,255,255,255,255,255,255,255,255,255,255,255,255,255,255,255,255,255,255,255,255,255,255,255,255,255,255,255,255,255,255,255,255,255,255,255,255,255,255,255,255,255,255,231,218,239,255,255,255,255,255,255,255,255,255,255,255,255,255,255,255,255,255,255,255,255,255,255,212,130,41,3,6,2,41,174,255,255,255,255,255,255,255,255,255,255,255,255,255,255,255,255,255,255,210,64,8,77,166,235,255,231,152,12,171,255,255,255,255,255,255,255,255,255,255,255,255,255,255,255,255,176,16,106,233,255,255,255,255,255,255,173,153,255,255,255,255,255,255,255,255,255,255,255,255,255,255,255,199,11,162,255,255,255,255,255,255,255,255,255,255,255,255,255,255,255,255,255,255,255,255,255,255,255,255,255,61,127,255,255,255,255,255,255,255,255,255,255,255,255,255,255,255,255,255,255,255,255,255,255,255,255,255,228,4,234,255,255,255,255,255,255,255,255,255,255,255,255,255,255,255,255,255,255,255,255,255,255,255,255,255,194,27,255,255,255,255,255,255,255,255,255,255,255,255,255,255,255,255,255,255,255,255,255,255,255,255,255,255,185,26,252,255,255,255,255,255,255,255,255,255,255,255,255,255,255,255,255,255,255,255,255,255,255,255,255,255,247,22,153,255,255,255,255,255,255,255,255,255,255,255,255,255,255,255,255,255,255,255,255,255,255,255,255,255,255,186,11,186,255,255,255,255,255,255,255,255,255,255,255,255,255,255,255,255,255,255,255,255,255,255,255,255,255,255,161,7,75,155,205,243,255,255,255,255,255,255,255,255,255,255,255,255,255,255,255,255,255,255,255,255,255,255,255,225,130,59,16,4,42,57,57,99,198,255,255,255,255,255,255,255,255,255,255,255,255,255,255,255,255,255,255,255,255,255,255,225,179,167,163,109,11,149,255,255,255,255,255,255,255,255,255,255,255,255,255,255,255,255,255,255,255,255,255,255,255,255,255,255,192,10,213,255,255,255,255,255,255,255,255,255,255,255,255,255,255,255,255,255,255,255,255,255,255,255,255,255,255,81,125,255,255,255,255,255,255,255,255,255,255,255,255,255,255,255,255,255,255,255,255,255,255,255,255,255,255,132,91,255,255,255,255,255,255,255,255,255,255,255,255,255,255,255,255,255,255,255,255,255,255,255,255,255,255,139,86,255,255,255,255,255,255,255,255,255,255,255,255,255,255,255,255,255,255,255,255,255,255,255,255,255,255,139,86,255,255,255,255,255,255,255,255,255,255,255,255,118,140,255,255,255,255,255,255,255,255,255,255,255,255,134,90,255,255,255,255,255,255,255,255,255,255,255,255,194,10,179,255,255,255,255,255,255,255,255,255,255,255,112,110,255,255,255,255,255,255,255,255,255,255,255,255,255,165,12,171,255,255,255,255,255,255,255,255,255,255,54,155,255,255,255,255,255,255,255,255,255,255,255,255,255,255,170,17,74,193,255,255,255,255,255,255,255,195,11,236,255,255,255,255,255,255,255,255,255,255,255,255,255,255,255,233,116,16,51,125,192,234,237,237,213,32,134,255,255,255,255,255,255,255,255,255,255,255,255,255,255,255,255,255,255,241,153,92,19,0,0,0,5,97,254,255,255,255,255,255,255,255,255,255,255,255,255,255,255,255,255,255,255,255,255,255,254,244,243,243,250,255,255,255,255,255,255,255,255,255,255,28
255,255,255,255,255,255,255,255,255,255,255,255,255,255,255,255,255,255,255,255,255,255,255,255,255,255,255,255,255,255,255,255,255,255,255,255,255,255,255,255,255,255,255,255,255,255,255,255,255,255,255,255,255,255,255,255,255,255,255,255,255,255,255,255,207,168,255,255,255,255,255,255,255,255,255,255,255,255,255,255,255,255,255,255,255,255,255,255,255,255,255,255,179,17,153,250,255,255,255,255,255,255,255,255,255,255,255,255,255,255,255,255,255,255,255,255,255,255,255,255,255,30,16,33,142,211,250,255,255,255,255,255,255,255,255,255,255,255,255,255,255,255,255,255,255,255,255,255,255,33,186,155,70,9,23,107,215,255,255,255,255,255,255,255,255,255,255,255,255,255,255,255,255,255,255,255,255,33,192,255,255,252,187,91,8,120,253,255,255,255,255,255,255,255,255,255,255,255,255,255,255,255,255,255,255,33,192,255,255,255,255,255,212,37,88,254,255,255,255,255,255,255,255,255,255,255,255,255,255,255,255,255,255,33,192,255,255,255,255,255,255,233,28,144,255,255,255,255,255,255,255,255,255,255,255,255,255,255,255,255,255,33,192,255,255,255,255,255,255,255,181,18,251,255,255,255,255,255,255,255,255,255,255,255,255,255,255,255,255,33,192,255,255,255,255,255,255,255,250,34,161,255,255,255,255,255,255,255,255,255,255,255,255,255,255,255,255,33,192,255,255,255,255,255,255,255,255,124,93,255,255,255,255,255,255,255,255,255,255,255,255,255,255,255,255,33,192,255,255,255,255,255,255,255,255,184,29,255,255,255,255,255,255,255,255,255,255,255,255,255,255,255,255,33,192,255,255,255,255,255,255,255,255,233,0,244,255,255,255,255,255,255,255,255,255,255,255,255,255,255,255,33,192,255,255,255,255,255,255,255,255,243,1,232,255,255,255,255,255,255,255,255,255,255,255,255,255,255,255,33,192,255,255,255,255,255,255,255,255,255,12,212,255,255,255,255,255,255,255,255,255,255,255,255,255,255,255,33,192,255,255,255,255,255,255,255,255,229,2,227,255,255,255,255,255,255,255,255,255,255,255,255,255,255,255,33,192,255,255,255,255,255,255,255,255,90,77,255,255,255,255,255,255,255,255,255,255,255,255,255,255,255,255,33,192,255,255,255,255,255,255,254,108,27,221,255,255,255,255,255,255,255,255,255,255,255,255,255,255,255,255,33,192,255,255,255,255,255,237,63,30,222,255,255,255,255,255,255,255,255,255,255,255,255,255,255,255,255,255,33,192,255,255,255,252,145,27,78,237,255,255,255,255,255,255,255,255,255,255,255,255,255,255,255,255,255,255,33,192,255,222,135,40,37,172,253,255,255,255,255,255,255,255,255,255,255,255,255,255,255,255,255,255,255,255,33,79,43,2,66,156,245,255,255,255,255,255,255,255,255,255,255,255,255,255,255,255,255,255,255,255,255,252,16,64,157,239,255,255,255,255,255,255,255,255,255,255,255,255,255,255,255,255,255,255,255,255,255,255,255,255,138,231,255,255,255,255,255,255,255,255,255,255,255,255,255,255,255,255,255,255,255,255,255,255,255,255,255,255,255,255,255,255,255,255,255,255,255,255,255,255,255,255,255,255,255,255,255,255,255,255,255,255,255,255,255,255,255,255,255,255,255,255,255,255,255,255,255,255,255,255,255,255,255,255,255,255,255,255,255,255,255,255,255,255,255,255,255,255,255,255,255,255,255,255,255,255,255,255,255,255,255,255,255,13
255,255,255,255,255,255,255,255,255,255,255,255,255,255,255,255,255,255,255,255,255,255,255,255,255,255,255,255,255,255,255,255,255,255,255,255,255,255,255,255,255,255,255,255,255,255,255,255,255,255,255,255,255,255,255,255,255,255,255,255,255,255,255,255,255,255,255,255,255,255,255,255,255,255,255,255,255,255,255,255,255,255,255,255,255,255,255,255,255,255,255,255,255,255,255,241,185,177,177,187,217,242,255,255,255,255,255,255,255,255,255,255,255,255,255,255,255,255,255,255,255,229,95,5,33,47,47,35,6,5,72,208,255,255,255,255,255,255,255,255,255,255,255,255,255,255,255,255,192,21,82,216,255,255,255,255,255,221,115,156,255,255,255,255,255,255,255,255,255,255,255,255,255,255,255,209,12,148,255,255,255,255,255,255,255,255,255,255,255,255,255,255,255,255,255,255,255,255,255,255,255,255,255,106,101,255,255,255,255,255,255,255,255,255,255,255,255,255,255,255,255,255,255,255,255,255,255,255,255,255,255,79,143,255,255,255,255,255,255,255,255,255,255,255,255,255,255,255,255,255,255,255,255,255,255,255,255,255,255,74,148,255,255,255,255,255,255,255,255,255,255,255,255,255,255,255,255,255,255,255,255,255,255,255,255,255,255,114,79,255,255,255,255,255,255,255,255,255,255,255,255,255,255,255,255,255,255,255,255,255,255,255,255,255,255,231,24,129,254,255,255,255,255,255,255,255,255,255,255,255,255,255,255,255,255,255,255,255,255,255,255,255,255,255,205,30,58,150,220,254,255,255,255,255,255,255,255,255,255,255,255,255,255,255,255,255,255,255,255,255,255,255,255,240,139,62,4,22,48,84,98,126,168,205,245,255,255,255,255,255,255,255,255,255,255,255,255,255,255,255,255,255,255,255,246,194,174,135,125,93,52,14,13,118,253,255,255,255,255,255,255,255,255,255,255,255,255,255,255,255,255,255,255,255,255,255,255,255,255,255,200,36,113,255,255,255,255,255,255,255,255,255,255,255,255,255,255,255,255,255,255,255,255,255,255,255,255,255,255,217,12,197,255,255,255,255,255,255,255,255,255,255,255,255,255,255,255,255,255,255,255,255,255,255,255,255,255,255,112,92,255,255,255,255,255,255,255,255,255,255,255,255,255,255,255,255,255,255,255,255,255,255,255,255,255,255,201,14,246,255,255,255,255,255,255,255,255,255,255,255,255,255,255,255,255,255,255,255,255,255,255,255,255,255,254,19,203,255,255,255,255,255,255,255,255,255,255,255,255,255,255,255,255,255,255,255,255,255,255,255,255,255,255,33,192,255,255,255,255,255,255,255,255,255,255,255,255,255,255,255,255,255,255,255,255,255,255,255,255,255,255,28,195,255,255,255,255,255,255,255,222,206,255,255,255,255,255,255,255,255,255,255,255,255,255,255,255,255,209,10,233,255,255,255,255,255,255,255,162,5,67,159,234,255,255,255,255,255,255,255,255,255,255,255,255,255,100,95,255,255,255,255,255,255,255,255,255,232,135,49,3,63,156,239,255,255,255,255,255,255,255,255,255,198,11,217,255,255,255,255,255,255,255,255,255,255,255,255,229,142,49,7,71,150,235,255,255,255,255,247,177,34,130,255,255,255,255,255,255,255,255,255,255,255,255,255,255,255,255,218,139,58,3,25,37,39,37,9,29,134,253,255,255,255,255,255,255,255,255,255,255,255,255,255,255,255,255,255,255,255,230,197,187,186,186,215,254,255,255,255,255,255,255,255,28
255,255,255,255,255,255,255,255,255,255,255,255,255,255,255,255,255,255,255,255,255,255,255,255,255,255,255,255,255,255,255,255,255,255,255,255,255,255,255,255,255,255,255,255,255,255,255,255,255,255,255,255,255,255,255,255,255,255,255,255,255,255,255,255,255,255,255,255,255,255,255,255,255,255,255,255,255,255,255,255,255,255,255,255,255,255,255,255,255,255,255,255,255,255,255,255,255,255,255,255,255,255,255,255,255,255,255,255,255,255,255,255,255,255,255,255,255,255,255,255,255,255,255,255,255,255,255,255,255,255,255,255,255,255,255,255,255,255,255,255,255,255,255,255,255,255,255,255,255,255,255,247,150,48,25,24,55,214,255,255,255,255,255,255,255,255,255,255,255,255,255,255,255,255,255,255,255,255,159,24,45,159,199,200,85,113,255,255,255,255,255,255,255,255,255,255,255,255,255,255,255,255,255,255,252,112,19,172,254,255,255,255,244,242,255,255,255,255,255,255,255,255,255,255,255,255,255,255,255,255,255,255,153,33,219,255,255,255,255,255,255,255,255,255,255,255,255,255,255,255,255,255,255,255,255,255,255,255,255,255,102,119,255,255,255,255,255,255,255,255,255,255,255,255,255,255,255,255,255,255,255,255,255,255,255,255,255,255,144,38,221,255,255,255,255,255,255,255,255,255,255,255,255,255,255,255,255,255,255,255,255,255,255,255,255,255,250,107,9,79,170,242,255,255,255,255,255,255,255,255,255,255,255,255,255,255,255,255,255,255,255,255,255,255,255,255,212,128,38,6,66,156,239,255,255,255,255,255,255,255,255,255,255,255,255,255,255,255,255,255,255,255,255,255,255,255,255,221,141,50,8,88,210,255,255,255,255,255,255,255,255,255,255,255,255,255,255,255,255,255,255,255,255,255,255,255,255,255,214,106,9,133,254,255,255,255,255,255,255,255,255,255,255,255,255,255,255,255,255,255,255,255,255,255,255,255,255,255,206,30,93,249,255,255,255,255,255,255,255,255,255,255,255,255,255,255,255,255,255,255,255,255,255,255,255,255,255,230,46,105,255,255,255,255,255,255,255,255,255,255,255,255,255,255,255,255,255,255,255,255,255,255,255,255,255,255,222,12,195,255,255,255,255,255,255,255,255,255,255,255,255,255,255,255,255,255,255,255,255,255,255,255,255,255,255,116,92,255,255,255,255,255,255,255,255,255,255,255,255,255,255,255,255,255,255,255,255,255,255,255,255,255,255,188,30,255,255,255,255,255,255,255,255,255,255,255,248,238,255,255,255,255,255,255,255,255,255,255,255,255,255,185,30,255,255,255,255,255,255,255,255,255,255,255,166,23,195,255,255,255,255,255,255,255,255,255,255,255,239,49,117,255,255,255,255,255,255,255,255,255,255,255,255,148,10,140,254,255,255,255,255,255,255,255,255,208,44,76,249,255,255,255,255,255,255,255,255,255,255,255,255,255,198,31,71,217,255,255,255,255,252,196,88,8,122,250,255,255,255,255,255,255,255,255,255,255,255,255,255,255,255,240,99,8,55,83,92,73,16,15,110,220,255,255,255,255,255,255,255,255,255,255,255,255,255,255,255,255,255,255,255,225,165,140,133,145,204,251,255,255,255,255,255,255,255,255,255,255,255,255,255,255,255,255,255,255,255,255,255,255,255,255,255,255,255,255,255,255,255,255,255,255,255,255,255,255,255,255,255,255,255,255,255,255,255,255,255,255,255,255,255,255,255,255,255,255,255,255,255,255,255,255,255,255,28
255,255,255,255,255,255,255,255,255,255,255,255,255,255,255,255,255,255,255,255,255,255,255,255,255,255,255,255,255,255,255,255,255,255,255,255,255,255,255,255,255,255,255,255,255,255,255,255,255,255,255,255,255,255,255,255,255,255,255,255,255,255,255,255,255,255,255,255,255,255,255,255,255,255,255,255,255,255,255,255,255,255,255,255,255,255,255,255,255,255,255,255,255,255,255,255,255,255,254,220,188,179,179,222,255,255,255,255,255,255,255,255,255,255,255,255,255,255,255,255,255,255,255,252,186,93,23,6,36,45,44,20,251,255,255,255,255,255,255,255,255,255,255,255,255,255,255,255,255,249,150,29,24,113,194,246,255,255,255,252,255,255,255,255,255,255,255,255,255,255,255,255,255,255,255,255,220,33,42,170,251,255,255,255,255,255,255,255,255,255,255,255,255,255,255,255,255,255,255,255,255,255,255,230,34,111,252,255,255,255,255,255,255,255,255,255,255,255,255,255,255,255,255,255,255,255,255,255,255,255,255,103,80,254,255,255,255,255,255,255,255,255,255,255,255,255,255,255,255,255,255,255,255,255,255,255,255,255,241,12,203,255,255,255,255,255,255,255,255,255,255,255,255,255,255,255,255,255,255,255,255,255,255,255,255,255,148,53,255,255,255,255,255,255,255,255,255,255,255,255,255,255,255,255,255,255,255,255,255,255,255,255,255,255,98,124,255,255,255,255,255,255,255,255,255,255,255,255,255,255,255,255,255,255,255,255,255,255,255,255,255,255,99,123,255,255,255,255,255,255,255,255,255,255,255,255,255,255,255,255,255,255,255,255,255,255,255,255,255,255,140,78,255,255,255,255,255,255,255,255,255,255,255,255,255,255,255,255,255,255,255,255,255,255,255,255,255,255,203,12,207,255,255,255,255,255,255,255,255,255,255,255,255,255,255,255,255,255,255,255,255,255,255,255,255,255,255,133,11,112,199,247,255,255,255,255,255,255,255,255,255,255,255,255,255,255,255,255,255,255,255,255,255,255,255,255,202,90,16,2,24,64,112,162,216,253,255,255,255,255,255,255,255,255,255,255,255,255,255,255,255,255,255,255,255,255,252,228,198,155,107,56,8,33,137,240,255,255,255,255,255,255,255,255,255,255,255,255,255,255,255,255,255,255,255,255,255,255,255,255,248,170,58,24,173,255,255,255,255,255,255,255,255,255,255,255,255,255,255,255,255,255,255,255,255,255,255,255,255,255,254,164,11,200,255,255,255,255,255,255,255,255,255,255,255,255,255,255,255,255,255,255,255,255,255,255,255,255,255,255,113,94,255,255,255,255,255,255,255,255,255,255,255,255,255,255,255,255,255,255,255,255,255,255,255,255,251,182,44,98,255,255,255,255,255,255,255,255,255,255,255,251,255,255,255,255,255,255,250,225,197,169,128,81,22,26,131,248,255,255,255,255,255,255,255,255,255,255,254,21,4,4,4,4,4,4,2,3,25,53,91,138,192,252,255,255,255,255,255,255,255,255,255,255,255,255,255,233,220,220,220,220,220,220,226,249,255,255,255,255,255,255,255,255,255,255,255,255,255,255,255,255,255,255,255,255,255,255,255,255,255,255,255,255,255,255,255,255,255,255,255,255,255,255,255,255,255,255,255,255,255,255,255,255,255,255,255,255,255,255,255,255,255,255,255,255,255,255,255,255,255,255,255,255,255,255,255,255,255,255,255,255,255,255,255,255,255,255,255,255,255,255,255,255,255,255,255,255,255,255,255,255,255,255,28
